Periods,Units,beta,beta_sd,Type
10,10,2.00210792544299,0.054662142180867,Stationær
30,10,2.00026202286534,0.0294163944370146,Stationær
50,10,1.99954066682051,0.0227566755641815,Stationær
70,10,1.99994319116983,0.0189629692404335,Stationær
100,10,1.99929863319963,0.0152573940249015,Stationær
200,10,1.99849015737883,0.0110209333360055,Stationær
300,10,1.99945877776124,0.00937962810517399,Stationær
400,10,2.00041025933455,0.00772559354748551,Stationær
500,10,1.99998003407318,0.0068688578776988,Stationær
10,30,2.00216069695286,0.0308703891770346,Stationær
30,30,1.99804150743738,0.0172583944524689,Stationær
50,30,1.99988414279896,0.0138161807502607,Stationær
70,30,2.00106834296109,0.0108710185288476,Stationær
100,30,1.999938386639,0.00911596385955534,Stationær
200,30,1.99978524476444,0.0063849620401495,Stationær
300,30,1.99993120708148,0.00517991478242176,Stationær
400,30,2.00003064735824,0.00485190375789412,Stationær
500,30,2.00018154852539,0.00413635715247918,Stationær
10,50,1.99880158606432,0.0244973070947689,Stationær
30,50,1.99976744621526,0.0131852492850932,Stationær
50,50,1.99997528291694,0.00979159181908808,Stationær
70,50,1.9996121427021,0.00862380015740148,Stationær
100,50,2.00005487341184,0.00708106775464589,Stationær
200,50,1.99973403091127,0.00493556018317555,Stationær
300,50,2.00019892230933,0.00404949263233078,Stationær
400,50,1.99988518417461,0.00366900350996012,Stationær
500,50,1.99998857636073,0.00333766017836897,Stationær
10,70,2.0002119839084,0.0201389199505008,Stationær
30,70,1.99902558966041,0.0104833618726428,Stationær
50,70,1.99953099667233,0.00884660381610961,Stationær
70,70,1.99990767459067,0.00718727302787972,Stationær
100,70,2.00002191840425,0.00593875402606315,Stationær
200,70,1.99986957134628,0.0043196374009693,Stationær
300,70,1.99965789959846,0.00355142881937237,Stationær
400,70,1.99983932046012,0.00303120671648032,Stationær
500,70,2.00013863899792,0.00260627535825923,Stationær
10,100,1.99946285747091,0.01672669548817,Stationær
30,100,1.99950142990092,0.00978530636041516,Stationær
50,100,2.00031836263339,0.00702766849647809,Stationær
70,100,2.00040002637763,0.00633195543444897,Stationær
100,100,1.99993366376016,0.00510316343503919,Stationær
200,100,2.00003517419167,0.00385720809048873,Stationær
300,100,2.00016216041611,0.00282784965935598,Stationær
400,100,1.9999960684002,0.00266920279860479,Stationær
500,100,1.99992722698946,0.0022329879102509,Stationær
10,200,2.00046249779381,0.0118603805785459,Stationær
30,200,1.99975603892979,0.00645120127050784,Stationær
50,200,1.99995179206656,0.00492311332135922,Stationær
70,200,2.00013500495339,0.00436226815944867,Stationær
100,200,2.0000488450729,0.0036070116791108,Stationær
200,200,1.99984260819118,0.00251728238346345,Stationær
300,200,1.99995414949643,0.00198966526328325,Stationær
400,200,2.00011858947512,0.00172223051245833,Stationær
500,200,1.99997760898678,0.00154476640033284,Stationær
10,300,2.00009471171924,0.00972449752422384,Stationær
30,300,1.99960622493556,0.0054725557544621,Stationær
50,300,2.00008333531027,0.00413794754043461,Stationær
70,300,1.99977335616604,0.00330870780242173,Stationær
100,300,1.99983001827939,0.003037494336892,Stationær
200,300,2.00015360334682,0.002071336428371,Stationær
300,300,1.99989940336739,0.00164282614275113,Stationær
400,300,1.99997460563516,0.00148885832183634,Stationær
500,300,1.99992725652192,0.00131736290330571,Stationær
10,400,1.99955909232801,0.00810596590530911,Stationær
30,400,1.99999226565977,0.00478478117224162,Stationær
50,400,1.99990533253291,0.00372710600194074,Stationær
70,400,1.99992802864462,0.00288298611516125,Stationær
100,400,1.99985580265153,0.00242878284502906,Stationær
200,400,1.99998134641742,0.00174687777746981,Stationær
300,400,2.00000638909906,0.00148894110400887,Stationær
400,400,1.99999578882954,0.00121336857491791,Stationær
500,400,1.99994915926039,0.00113176157360311,Stationær
10,500,2.00039663900488,0.0078197708911183,Stationær
30,500,2.00012102604281,0.00417522691585902,Stationær
50,500,2.00007813471023,0.00320021225660452,Stationær
70,500,2.00000511322967,0.00253659991996903,Stationær
100,500,2.00007866583323,0.0022161782945258,Stationær
200,500,1.99993534305888,0.00150711011429535,Stationær
300,500,2.00009056998637,0.00129677791361945,Stationær
400,500,1.99998982529637,0.00115286903326227,Stationær
500,500,2.00000644288618,0.000976173678068531,Stationær
10,10,5.73725816719048,1.4166675316256,Begge unit root (1)
30,10,15.7034663317169,4.5048660089447,Begge unit root (1)
50,10,24.8130033717872,7.7649120333513,Begge unit root (1)
70,10,34.4868038061459,10.5168699341051,Begge unit root (1)
100,10,48.7707252022664,15.1104152842648,Begge unit root (1)
200,10,96.152327557604,31.2673307409299,Begge unit root (1)
300,10,144.772438844179,47.9489993432638,Begge unit root (1)
400,10,191.162369296388,64.7871458695599,Begge unit root (1)
500,10,240.722482232437,76.1736090552534,Begge unit root (1)
10,30,6.00346188930899,0.760766871964785,Begge unit root (1)
30,30,15.9364059222735,2.6750941413893,Begge unit root (1)
50,30,25.8292566529419,4.32012348122474,Begge unit root (1)
70,30,35.6163837660239,6.0610326626487,Begge unit root (1)
100,30,50.332378691297,9.12487542338292,Begge unit root (1)
200,30,98.5964749240823,18.6896971042316,Begge unit root (1)
300,30,149.975733993797,26.0571777556218,Begge unit root (1)
400,30,198.785109170509,36.5870600137153,Begge unit root (1)
500,30,247.855389781201,43.8718781133653,Begge unit root (1)
10,50,5.99570242898614,0.637403219558578,Begge unit root (1)
30,50,15.8589718718484,1.99850917662616,Begge unit root (1)
50,50,25.76937097251,3.3154558507987,Begge unit root (1)
70,50,35.844267981778,5.18438659752761,Begge unit root (1)
100,50,50.3063694242543,6.94046380785399,Begge unit root (1)
200,50,99.8040166611281,14.3446605847716,Begge unit root (1)
300,50,148.31392078068,20.7952394347486,Begge unit root (1)
400,50,198.893003430096,28.2223345759961,Begge unit root (1)
500,50,247.13914734514,36.8025355044931,Begge unit root (1)
10,70,5.95581516452698,0.507813857953457,Begge unit root (1)
30,70,15.8615852168358,1.68430774794128,Begge unit root (1)
50,70,25.9313543027044,2.95582916008894,Begge unit root (1)
70,70,35.6763449745599,3.84479706658353,Begge unit root (1)
100,70,50.5586610303734,5.97485600739287,Begge unit root (1)
200,70,99.9285790123481,11.7923586762107,Begge unit root (1)
300,70,149.356100552672,18.4481540136018,Begge unit root (1)
400,70,199.810953182454,24.926332111638,Begge unit root (1)
500,70,249.88168295399,30.2241160826916,Begge unit root (1)
10,100,5.9989883723551,0.45660753387656,Begge unit root (1)
30,100,15.9693809923186,1.50262145506621,Begge unit root (1)
50,100,25.9875188313098,2.30525376086392,Begge unit root (1)
70,100,35.6493323283773,3.47443453760109,Begge unit root (1)
100,100,50.8395633314966,5.04740816947311,Begge unit root (1)
200,100,100.555912699592,9.84135753107319,Begge unit root (1)
300,100,150.320025457986,15.0712778397892,Begge unit root (1)
400,100,199.994559500546,18.5336536068386,Begge unit root (1)
500,100,248.404480374864,25.7500022548029,Begge unit root (1)
10,200,6.01443548651707,0.314121975676598,Begge unit root (1)
30,200,15.9920199418558,0.998035506782118,Begge unit root (1)
50,200,26.0023066515698,1.76685825612543,Begge unit root (1)
70,200,36.0852426893351,2.21765091857585,Begge unit root (1)
100,200,51.1062428575128,3.55600735531495,Begge unit root (1)
200,200,100.943942865452,7.2528201231508,Begge unit root (1)
300,200,149.712261899597,11.0027340232479,Begge unit root (1)
400,200,200.705860633341,14.5168169249632,Begge unit root (1)
500,200,250.439203412262,18.014734073932,Begge unit root (1)
10,300,5.985745628155,0.257162661993006,Begge unit root (1)
30,300,15.9796510517337,0.836284734913112,Begge unit root (1)
50,300,26.0030430911773,1.40723845578496,Begge unit root (1)
70,300,35.7876358341912,1.95202405423258,Begge unit root (1)
100,300,50.9287282904815,2.81326804966043,Begge unit root (1)
200,300,100.941805062761,5.50496675212475,Begge unit root (1)
300,300,150.520150602234,8.93397648706358,Begge unit root (1)
400,300,201.448457609051,12.3228506910177,Begge unit root (1)
500,300,250.202728133072,14.4568649515874,Begge unit root (1)
10,400,5.99024044583491,0.214979759564933,Begge unit root (1)
30,400,16.0136767228877,0.747581346627174,Begge unit root (1)
50,400,25.9887904002497,1.18516507350026,Begge unit root (1)
70,400,36.0534679639367,1.76097136744691,Begge unit root (1)
100,400,50.9098769037897,2.37363380557289,Begge unit root (1)
200,400,100.591022447446,4.76507018570375,Begge unit root (1)
300,400,151.119103961387,7.30523033354832,Begge unit root (1)
400,400,201.953011332857,10.0097311270312,Begge unit root (1)
500,400,250.227135295684,13.2770132270547,Begge unit root (1)
10,500,5.98179917936154,0.201584983691148,Begge unit root (1)
30,500,15.9764689208551,0.615034285092126,Begge unit root (1)
50,500,26.038626762441,1.03557754875049,Begge unit root (1)
70,500,35.9927401887602,1.58761653815334,Begge unit root (1)
100,500,51.1807893719722,2.13732106403248,Begge unit root (1)
200,500,101.025682545231,4.6107146868422,Begge unit root (1)
300,500,150.348664245492,6.63089234285739,Begge unit root (1)
400,500,200.838604066309,8.6895953613423,Begge unit root (1)
500,500,250.298095581334,11.2022782917115,Begge unit root (1)
10,10,1.001882374527,0.224505159668773,Y unit root (1)
30,10,1.01189024317988,0.198739421588959,Y unit root (1)
50,10,1.00099150824673,0.19599129587406,Y unit root (1)
70,10,0.983199278103871,0.193296439196903,Y unit root (1)
100,10,1.00803023980307,0.204514255701162,Y unit root (1)
200,10,1.00978992974679,0.201410480669976,Y unit root (1)
300,10,0.992916312794853,0.182850602181674,Y unit root (1)
400,10,1.00107719354382,0.193230405062994,Y unit root (1)
500,10,0.999227471775847,0.195565270357726,Y unit root (1)
10,30,0.995921468171384,0.127582086923904,Y unit root (1)
30,30,0.997325910312406,0.110908812567495,Y unit root (1)
50,30,1.00692427713761,0.111837188513508,Y unit root (1)
70,30,1.00422309234071,0.115306081333722,Y unit root (1)
100,30,1.00327011655041,0.111746152906517,Y unit root (1)
200,30,1.00554001028457,0.107929497676643,Y unit root (1)
300,30,1.00232058419619,0.118490882200577,Y unit root (1)
400,30,0.995946069704845,0.114773576069078,Y unit root (1)
500,30,1.00369365217173,0.105744543055517,Y unit root (1)
10,50,0.993400270052821,0.0971765652553606,Y unit root (1)
30,50,0.993200555552999,0.0917600050415208,Y unit root (1)
50,50,1.00354976572549,0.0908052850331974,Y unit root (1)
70,50,1.0004865684408,0.0869955626443847,Y unit root (1)
100,50,0.997110794776267,0.092898116290887,Y unit root (1)
200,50,1.00007678343519,0.0848206697327406,Y unit root (1)
300,50,1.00351989779588,0.0882259098644578,Y unit root (1)
400,50,1.00942070101859,0.0867114396793967,Y unit root (1)
500,50,1.00446624688208,0.0873041560114057,Y unit root (1)
10,70,0.999418634411553,0.081596979528105,Y unit root (1)
30,70,0.995982222647639,0.0743344845196778,Y unit root (1)
50,70,1.00210380083704,0.0739729152454154,Y unit root (1)
70,70,0.997642257336399,0.0736058983621453,Y unit root (1)
100,70,0.995631801895074,0.0767707118408643,Y unit root (1)
200,70,1.00081343665864,0.0737635373747306,Y unit root (1)
300,70,1.00059469208873,0.0744224824749276,Y unit root (1)
400,70,1.00109983501189,0.0736683744206146,Y unit root (1)
500,70,1.00241877907379,0.0715986661517312,Y unit root (1)
10,100,0.990998339979693,0.0720055327097503,Y unit root (1)
30,100,1.00001030707194,0.0671717658493551,Y unit root (1)
50,100,0.998657344049804,0.0602775621146256,Y unit root (1)
70,100,0.996948261687271,0.0613530970096647,Y unit root (1)
100,100,0.995993161044276,0.0621415092245119,Y unit root (1)
200,100,0.999525180350202,0.0632958271035849,Y unit root (1)
300,100,0.999653462871545,0.0660051734509845,Y unit root (1)
400,100,1.00080453781575,0.0602721388347454,Y unit root (1)
500,100,0.998783873523477,0.0609533449515233,Y unit root (1)
10,200,1.00218470385687,0.0491748592037185,Y unit root (1)
30,200,1.0012082842452,0.0463767681779997,Y unit root (1)
50,200,1.0003544162765,0.0450932882848427,Y unit root (1)
70,200,0.999069977394973,0.0443906152850971,Y unit root (1)
100,200,1.0021978468545,0.0449592795751181,Y unit root (1)
200,200,0.997932432634824,0.0456002427411059,Y unit root (1)
300,200,0.999263279525977,0.0451159359781086,Y unit root (1)
400,200,1.00004372851978,0.043565616416608,Y unit root (1)
500,200,0.998874709787695,0.0444387598528304,Y unit root (1)
10,300,0.999393586811511,0.0368653348079565,Y unit root (1)
30,300,0.999136221489866,0.0387934401984848,Y unit root (1)
50,300,1.00183915986825,0.0381967114482633,Y unit root (1)
70,300,1.00112368589219,0.0359042667517256,Y unit root (1)
100,300,0.99673779846986,0.0366042417317684,Y unit root (1)
200,300,1.00156802718225,0.0328267321382929,Y unit root (1)
300,300,0.998096886455821,0.0332676482836236,Y unit root (1)
400,300,1.00106981118516,0.0364198164791848,Y unit root (1)
500,300,1.00188058289924,0.0333011950944544,Y unit root (1)
10,400,1.00248084889123,0.0351302617734444,Y unit root (1)
30,400,0.999596904625719,0.0300116129161633,Y unit root (1)
50,400,1.00005270947524,0.0314581973956368,Y unit root (1)
70,400,0.999451357455763,0.0297970429604744,Y unit root (1)
100,400,0.999121222917376,0.0293899159351471,Y unit root (1)
200,400,0.99796568206215,0.0305622377455259,Y unit root (1)
300,400,1.00030558136046,0.0313685344835159,Y unit root (1)
400,400,0.997761274720592,0.0294891319394921,Y unit root (1)
500,400,1.00018720694308,0.0295800567250843,Y unit root (1)
10,500,0.998110884695838,0.0318630637906594,Y unit root (1)
30,500,0.99995352169171,0.0281428839280059,Y unit root (1)
50,500,1.00048939560362,0.0277785942090867,Y unit root (1)
70,500,0.997839295084459,0.0286604452767852,Y unit root (1)
100,500,0.998463447717308,0.0284707431224112,Y unit root (1)
200,500,1.00162702150068,0.0286978337679806,Y unit root (1)
300,500,1.00033737456268,0.0272395120814,Y unit root (1)
400,500,0.998530210869225,0.0284932438479827,Y unit root (1)
500,500,1.00030423720327,0.0280619239789917,Y unit root (1)
10,10,2.00369885792625,0.0412965113706121,X unit root (1)
30,10,2.00049111253866,0.0135526477166853,X unit root (1)
50,10,1.99962520633134,0.00784804339499961,X unit root (1)
70,10,1.99958680355373,0.00573219494392471,X unit root (1)
100,10,2.00013976004502,0.00400282543073161,X unit root (1)
200,10,1.99994833278359,0.00200983848985394,X unit root (1)
300,10,2.00001240647198,0.0014081579602942,X unit root (1)
400,10,2.00003238251069,0.00102382456875174,X unit root (1)
500,10,2.00001029475255,0.000749229388693776,X unit root (1)
10,30,2.00030347786925,0.0237133783025128,X unit root (1)
30,30,2.00028343012166,0.0076447396907408,X unit root (1)
50,30,1.99991935750498,0.00459481077019888,X unit root (1)
70,30,2.00004510022523,0.00316452389552419,X unit root (1)
100,30,1.99982603823224,0.00232192621577744,X unit root (1)
200,30,2.00007995728499,0.00115453088001997,X unit root (1)
300,30,1.99993224105119,0.000778199631649999,X unit root (1)
400,30,1.99997805606278,0.000567822042167239,X unit root (1)
500,30,1.9999964511107,0.000455411725098403,X unit root (1)
10,50,1.99962730983814,0.0179792460913177,X unit root (1)
30,50,2.00037436767527,0.00626869822354104,X unit root (1)
50,50,1.99982376537876,0.00361151999493393,X unit root (1)
70,50,2.00004813439712,0.00259048351008812,X unit root (1)
100,50,2.00005990662308,0.00169550996194507,X unit root (1)
200,50,1.99998808716489,0.00091611491462878,X unit root (1)
300,50,2.00001389448729,0.000584867319113056,X unit root (1)
400,50,1.99997723694621,0.000419289385541629,X unit root (1)
500,50,1.99998979884441,0.000357619667619474,X unit root (1)
10,70,2.00009029004073,0.0140787216032299,X unit root (1)
30,70,2.00003728424386,0.00494513839935605,X unit root (1)
50,70,1.99976745605915,0.00290397350592429,X unit root (1)
70,70,1.99993080683021,0.00214203914810046,X unit root (1)
100,70,2.00010467510199,0.00147961307552024,X unit root (1)
200,70,2.00003559198084,0.000705448952010597,X unit root (1)
300,70,2.00003898391378,0.000491111704765178,X unit root (1)
400,70,1.99997495004858,0.000371220800807728,X unit root (1)
500,70,2.00001167539124,0.000299675703197153,X unit root (1)
10,100,2.00009858344953,0.0118281222031496,X unit root (1)
30,100,2.00012866708098,0.00404864826048786,X unit root (1)
50,100,2.00010904626511,0.00235196987513757,X unit root (1)
70,100,2.00003250298555,0.00166139919047974,X unit root (1)
100,100,1.99988570656192,0.00127853153343933,X unit root (1)
200,100,2.00003468798208,0.000622853287116498,X unit root (1)
300,100,1.99997695735692,0.00042390057965312,X unit root (1)
400,100,2.00000060989376,0.00030706446659358,X unit root (1)
500,100,2.00000447835544,0.000235052829537803,X unit root (1)
10,200,2.00010370901442,0.0079765196451982,X unit root (1)
30,200,2.00010979530657,0.00275768886433498,X unit root (1)
50,200,1.99998599606089,0.00177651791738379,X unit root (1)
70,200,1.99985973148206,0.0012312125940096,X unit root (1)
100,200,2.00000967095732,0.000804853250247512,X unit root (1)
200,200,1.99999612099572,0.000438640560089588,X unit root (1)
300,200,2.00000909533208,0.000283349718046097,X unit root (1)
400,200,2.0000162494237,0.000215136550957929,X unit root (1)
500,200,1.99999157631771,0.000177039638623101,X unit root (1)
10,300,2.00000629574063,0.00713290579149833,X unit root (1)
30,300,2.0001418211954,0.00246440988481462,X unit root (1)
50,300,2.00000196722336,0.00140791061361958,X unit root (1)
70,300,2.00006865678072,0.000978873005591622,X unit root (1)
100,300,1.99997717810176,0.000707858889614886,X unit root (1)
200,300,2.00000520333424,0.000350351524973005,X unit root (1)
300,300,1.99999596950989,0.000248499310755503,X unit root (1)
400,300,1.99999408034275,0.000168770144708859,X unit root (1)
500,300,2.00000831777785,0.000140450802981152,X unit root (1)
10,400,2.00043717375959,0.00617536398773242,X unit root (1)
30,400,2.00008724201316,0.0020727388396462,X unit root (1)
50,400,1.99987438816639,0.00127151158553099,X unit root (1)
70,400,2.00002591634514,0.000862824386409504,X unit root (1)
100,400,2.00002980087275,0.000587396778048551,X unit root (1)
200,400,2.00000316263605,0.00032090946391439,X unit root (1)
300,400,1.99999028379684,0.000201635646539253,X unit root (1)
400,400,1.99999633617299,0.000157056562790618,X unit root (1)
500,400,2.00000650046845,0.000127755061985263,X unit root (1)
10,500,2.00002806265069,0.0055425404237371,X unit root (1)
30,500,1.99999501953397,0.0018717562843616,X unit root (1)
50,500,2.0000093876578,0.00104502024428852,X unit root (1)
70,500,1.99993917223486,0.000803655562902888,X unit root (1)
100,500,1.99998254481511,0.000551895160478094,X unit root (1)
200,500,2.00002196538074,0.000273425070635723,X unit root (1)
300,500,1.99999275547472,0.000174010389498043,X unit root (1)
400,500,2.00000082376172,0.00013310892520538,X unit root (1)
500,500,2.00000225116017,0.000110617425090475,X unit root (1)
10,10,2.00446610312301,0.0900648224465175,Kointegration
30,10,1.99263081764872,0.112297306363972,Kointegration
50,10,1.99487343646307,0.136963636851479,Kointegration
70,10,2.01504301776559,0.14472392711545,Kointegration
100,10,2.00717558144459,0.162373116159399,Kointegration
200,10,2.01085377364887,0.173650201322302,Kointegration
300,10,1.99464714333583,0.188370586177085,Kointegration
400,10,2.0088313567135,0.187426010783329,Kointegration
500,10,2.0047084139613,0.19075740267357,Kointegration
10,30,1.99872348366989,0.0536040030095004,Kointegration
30,30,1.9991323507267,0.0690998618011414,Kointegration
50,30,2.00037958829723,0.0768563397604353,Kointegration
70,30,2.00274495204252,0.0885312551374836,Kointegration
100,30,1.9917247513507,0.0924893981974152,Kointegration
200,30,2.00057907320785,0.104792063563393,Kointegration
300,30,1.99408908207132,0.112247547541908,Kointegration
400,30,2.00666410795038,0.112337934078931,Kointegration
500,30,2.00767103904141,0.10540916450729,Kointegration
10,50,1.9999476914195,0.0409400339432465,Kointegration
30,50,1.998965499742,0.0550099003654979,Kointegration
50,50,1.99525856865859,0.0600052546028331,Kointegration
70,50,2.00157071335284,0.0693565443747706,Kointegration
100,50,1.99931691588994,0.0711941829562125,Kointegration
200,50,1.99785067508214,0.0817936466383752,Kointegration
300,50,2.00093166863429,0.0831705397172937,Kointegration
400,50,2.00033844703238,0.0828531079944071,Kointegration
500,50,1.99948431438042,0.0895207450352594,Kointegration
10,70,2.00072430731771,0.0357637237316096,Kointegration
30,70,2.00230226479964,0.0411872416374221,Kointegration
50,70,1.99696629135853,0.0516929060230293,Kointegration
70,70,1.99723114260979,0.0605704895133057,Kointegration
100,70,1.9985097595359,0.059967898071379,Kointegration
200,70,1.99982792858163,0.0667994397986696,Kointegration
300,70,1.9994134395831,0.0699681475035578,Kointegration
400,70,2.00218963139873,0.0746174082461683,Kointegration
500,70,1.99936104691787,0.0696594029265066,Kointegration
10,100,2.0004183728606,0.0288792778399838,Kointegration
30,100,1.9989866089881,0.0383996420994885,Kointegration
50,100,1.99571841854424,0.0420150226883508,Kointegration
70,100,2.00448129976727,0.0484475574181577,Kointegration
100,100,2.00299813468604,0.0485364112180193,Kointegration
200,100,2.00179765096682,0.0550194594050306,Kointegration
300,100,1.99837125459492,0.0573931943221507,Kointegration
400,100,1.99829469621749,0.0626103681897649,Kointegration
500,100,1.99579179592791,0.0585247914264808,Kointegration
10,200,2.00028153941145,0.0205702592861456,Kointegration
30,200,1.9991145353654,0.0272313861355923,Kointegration
50,200,2.00025518475181,0.0322141033108238,Kointegration
70,200,1.99852818549316,0.0341991783938958,Kointegration
100,200,2.00013235905147,0.0371102693019015,Kointegration
200,200,1.99827446324727,0.0398300456176708,Kointegration
300,200,1.99938210476973,0.0406900396889815,Kointegration
400,200,1.99826131819828,0.0418916440573899,Kointegration
500,200,2.00238680021084,0.0422798020902659,Kointegration
10,300,2.0001685158777,0.0168116764265348,Kointegration
30,300,2.00002705921173,0.0215598176273542,Kointegration
50,300,1.99939954463051,0.0260286335891454,Kointegration
70,300,1.99952008709575,0.0259568741615592,Kointegration
100,300,1.99943252634753,0.0311568618785718,Kointegration
200,300,1.9986596254312,0.0317763845608221,Kointegration
300,300,1.99885726220519,0.0324415403038228,Kointegration
400,300,2.00298023757153,0.0365066654307962,Kointegration
500,300,1.99897574852525,0.0332332823301436,Kointegration
10,400,2.00016530948518,0.0141711096398021,Kointegration
30,400,2.00023346209925,0.0191069510499935,Kointegration
50,400,2.0018136981675,0.0217547744419391,Kointegration
70,400,2.00037019489091,0.0249055124263894,Kointegration
100,400,2.00060803797653,0.0258958119361762,Kointegration
200,400,2.00041683003942,0.0279000783111358,Kointegration
300,400,1.9993066490428,0.0294394902841701,Kointegration
400,400,2.00001735272804,0.0300233045507066,Kointegration
500,400,2.00093663681963,0.0306624430027264,Kointegration
10,500,1.99876559367497,0.0127808238004182,Kointegration
30,500,1.99961173666148,0.016517878056556,Kointegration
50,500,1.99991357544495,0.0195894269314594,Kointegration
70,500,1.99921295887431,0.0212749732865371,Kointegration
100,500,2.00147628151501,0.0239768045616871,Kointegration
200,500,1.99935990227694,0.0256841725150709,Kointegration
300,500,1.99941924525528,0.0259121964848605,Kointegration
400,500,1.99828444109005,0.0267299920488675,Kointegration
500,500,1.99939840391114,0.0270210043841245,Kointegration
10,10,2.00389728624438,0.0806522073326354,Y unit root (2)
30,10,2.00813887351286,0.0736633343303574,Y unit root (2)
50,10,2.00289909767088,0.0706288461127615,Y unit root (2)
70,10,1.99821673436317,0.0685984115851877,Y unit root (2)
100,10,2.00024770659103,0.0662958646288887,Y unit root (2)
200,10,1.99826155803236,0.0640533070547453,Y unit root (2)
300,10,1.997792105742,0.0634491086445052,Y unit root (2)
400,10,2.00447933298592,0.0637342080951625,Y unit root (2)
500,10,2.00106544879193,0.0628740316626506,Y unit root (2)
10,30,1.99475918186414,0.0487436468561637,Y unit root (2)
30,30,1.99943982693933,0.0398747579578653,Y unit root (2)
50,30,2.00162411333444,0.0383470104879348,Y unit root (2)
70,30,1.99641568317478,0.0400574397735661,Y unit root (2)
100,30,1.99931387993804,0.0402282776662058,Y unit root (2)
200,30,1.99819203165696,0.0378004814426784,Y unit root (2)
300,30,1.99856536391091,0.036199744513506,Y unit root (2)
400,30,1.99989311254826,0.037419212993624,Y unit root (2)
500,30,2.00363775229421,0.0363947807870236,Y unit root (2)
10,50,1.99894624392096,0.0399438532082311,Y unit root (2)
30,50,1.9999644137574,0.0348139723534266,Y unit root (2)
50,50,1.99905298230349,0.0292785299732803,Y unit root (2)
70,50,2.00051083571509,0.0291750570528456,Y unit root (2)
100,50,1.99875357860828,0.0280322645330737,Y unit root (2)
200,50,1.99930108987265,0.02883789657571,Y unit root (2)
300,50,2.00150323993752,0.0290822937505753,Y unit root (2)
400,50,2.00227639867645,0.0297177081653767,Y unit root (2)
500,50,2.00156526587123,0.0288915805539564,Y unit root (2)
10,70,1.9993072882067,0.0326454627038626,Y unit root (2)
30,70,1.99995175786211,0.0275724553951502,Y unit root (2)
50,70,1.99961033603652,0.0265104396350826,Y unit root (2)
70,70,2.00109912432717,0.0268397234389634,Y unit root (2)
100,70,1.99749843307049,0.0254271296160822,Y unit root (2)
200,70,1.99951654607861,0.0238360948179644,Y unit root (2)
300,70,2.00141757582255,0.0250594934935301,Y unit root (2)
400,70,2.00072782194277,0.0249803183708379,Y unit root (2)
500,70,2.0003955120391,0.0237172034855911,Y unit root (2)
10,100,2.00043534552863,0.0278700433322665,Y unit root (2)
30,100,1.99957931062675,0.0242032687492062,Y unit root (2)
50,100,1.99925255468312,0.0235085559537628,Y unit root (2)
70,100,2.0012348287275,0.0215993507587714,Y unit root (2)
100,100,2.00085660257966,0.0207740585967496,Y unit root (2)
200,100,2.00146361050957,0.021332458353164,Y unit root (2)
300,100,2.0009901488854,0.0203095125579068,Y unit root (2)
400,100,1.99986593984843,0.0213333166845498,Y unit root (2)
500,100,2.00010825467365,0.020906883175424,Y unit root (2)
10,200,1.99975515102203,0.0208860178610499,Y unit root (2)
30,200,1.99930266395045,0.0161461359011477,Y unit root (2)
50,200,1.99949982649272,0.0160299972157372,Y unit root (2)
70,200,2.0011042490213,0.0154190930460046,Y unit root (2)
100,200,2.00005652920274,0.0147843084375861,Y unit root (2)
200,200,2.00011557104389,0.0150591059426564,Y unit root (2)
300,200,1.99969332078766,0.0147438535559017,Y unit root (2)
400,200,2.00055284123625,0.0141747965453705,Y unit root (2)
500,200,2.00000119022278,0.0145404165235699,Y unit root (2)
10,300,1.99946366368933,0.0161689130722896,Y unit root (2)
30,300,2.00002327198659,0.0132311607352706,Y unit root (2)
50,300,1.99910306325691,0.0120935783924999,Y unit root (2)
70,300,1.99999717731344,0.0128287259248322,Y unit root (2)
100,300,2.00046253308486,0.0123159181319158,Y unit root (2)
200,300,2.0009923718843,0.0116019678242217,Y unit root (2)
300,300,1.99861255992911,0.0117553850777223,Y unit root (2)
400,300,2.00040695506344,0.0115013195897898,Y unit root (2)
500,300,2.000497102475,0.0115641724324939,Y unit root (2)
10,400,2.00077203237322,0.0144018962937505,Y unit root (2)
30,400,2.00009057554496,0.0107655998266195,Y unit root (2)
50,400,2.00000745101071,0.0106508472080779,Y unit root (2)
70,400,2.00089944230198,0.0106787382393631,Y unit root (2)
100,400,2.00022501439928,0.0105955361511232,Y unit root (2)
200,400,2.00062027090807,0.0102938648206211,Y unit root (2)
300,400,2.00012606972345,0.00991336230662374,Y unit root (2)
400,400,2.00018240033106,0.0103368991650582,Y unit root (2)
500,400,1.99887220762169,0.0104510203876489,Y unit root (2)
10,500,2.00036118824609,0.0126058322069759,Y unit root (2)
30,500,1.99960474121994,0.0104369114707933,Y unit root (2)
50,500,2.00035383271614,0.0099456296120951,Y unit root (2)
70,500,1.99994404891881,0.00926485477415827,Y unit root (2)
100,500,2.00020954359564,0.00994628128487484,Y unit root (2)
200,500,1.99997804702241,0.00954199622048384,Y unit root (2)
300,500,1.99965361538549,0.00878766670635616,Y unit root (2)
400,500,2.00021304270621,0.0092869942046381,Y unit root (2)
500,500,1.99951321042896,0.00847665590533684,Y unit root (2)
10,10,1.9999107694132,0.0438339041933188,X unit root (2)
30,10,1.99933824930025,0.0179857454730425,X unit root (2)
50,10,2.00039645638988,0.0137961511216839,X unit root (2)
70,10,1.99983381173972,0.00909658633564402,X unit root (2)
100,10,2.00026882881055,0.00720393287543244,X unit root (2)
200,10,2.00002186050753,0.00386912365708647,X unit root (2)
300,10,2.00002711420233,0.00250169157032089,X unit root (2)
400,10,2.00002471747841,0.00187873059464501,X unit root (2)
500,10,2.00010235575384,0.00160334300445482,X unit root (2)
10,30,1.99803981471372,0.0250487352913758,X unit root (2)
30,30,1.99901924341626,0.0110014254315748,X unit root (2)
50,30,2.00004384828395,0.00730563974655787,X unit root (2)
70,30,1.99996167236712,0.00521664290151638,X unit root (2)
100,30,1.99978922165965,0.00409438624721254,X unit root (2)
200,30,1.99992500723014,0.00216524939207587,X unit root (2)
300,30,1.99994825884389,0.00140719069943724,X unit root (2)
400,30,1.99999649545903,0.00112231255579446,X unit root (2)
500,30,1.99998026079463,0.000850185178797018,X unit root (2)
10,50,2.00066319182754,0.0201668523318087,X unit root (2)
30,50,2.00002629760377,0.00870290829548376,X unit root (2)
50,50,1.99986596052975,0.00595979356779567,X unit root (2)
70,50,1.99984339742863,0.00438718839802083,X unit root (2)
100,50,1.99999227672401,0.00316906980622186,X unit root (2)
200,50,2.00006872558474,0.00165872570160958,X unit root (2)
300,50,1.99997331287295,0.0011587544104428,X unit root (2)
400,50,1.99997842394775,0.000888909736947511,X unit root (2)
500,50,1.99999067954079,0.000699808099287941,X unit root (2)
10,70,2.00010067067942,0.0175042282428314,X unit root (2)
30,70,1.99961153241263,0.00742753892198861,X unit root (2)
50,70,1.99984251297705,0.00478086277689206,X unit root (2)
70,70,2.0001339740068,0.00358506181774428,X unit root (2)
100,70,1.99979466255644,0.00266043549726974,X unit root (2)
200,70,2.00001513037165,0.00145711861728154,X unit root (2)
300,70,2.00003190491046,0.000958186565681612,X unit root (2)
400,70,2.00000518549495,0.000705689972952419,X unit root (2)
500,70,1.99999920428486,0.000555712323863764,X unit root (2)
10,100,2.0001770638464,0.0133382397864712,X unit root (2)
30,100,2.00010993973956,0.00599012945587865,X unit root (2)
50,100,2.00006574997391,0.00409933498472135,X unit root (2)
70,100,1.99998505219714,0.0030964889157893,X unit root (2)
100,100,1.99991669339963,0.00221238823605525,X unit root (2)
200,100,1.99992660223056,0.00108532597408854,X unit root (2)
300,100,2.00005692016478,0.000758320448300792,X unit root (2)
400,100,2.00005882929977,0.000583820928168805,X unit root (2)
500,100,1.99998973382554,0.000452013267532629,X unit root (2)
10,200,2.00013478661104,0.00963867412706957,X unit root (2)
30,200,2.00000516187035,0.0044123314552946,X unit root (2)
50,200,2.00007791986271,0.00303007833823519,X unit root (2)
70,200,1.99992413573935,0.0019796477598431,X unit root (2)
100,200,2.00005523120739,0.00156868243709252,X unit root (2)
200,200,1.99997950451817,0.000808309272421367,X unit root (2)
300,200,2.00004101710006,0.000553980668449135,X unit root (2)
400,200,2.00001849087742,0.000419372510135956,X unit root (2)
500,200,2.00000655801842,0.000334892433053983,X unit root (2)
10,300,2.00013621050179,0.00787338277496327,X unit root (2)
30,300,1.99995707828107,0.00340867178044101,X unit root (2)
50,300,1.99984064050234,0.00237843109795074,X unit root (2)
70,300,1.99998247900471,0.00171571231916169,X unit root (2)
100,300,2.0000181592798,0.00121204825701581,X unit root (2)
200,300,2.00000004629355,0.000651896324229911,X unit root (2)
300,300,1.99998133488185,0.000468549150735736,X unit root (2)
400,300,1.99997277672926,0.000338563604662349,X unit root (2)
500,300,2.0000049549316,0.000271846297477081,X unit root (2)
10,400,1.99995226187915,0.00694871943486816,X unit root (2)
30,400,1.99987532973614,0.00308926279443557,X unit root (2)
50,400,2.00008427830466,0.00203082841511886,X unit root (2)
70,400,1.99988403667395,0.0015497666919633,X unit root (2)
100,400,2.00002757033697,0.00111283187802151,X unit root (2)
200,400,1.99994764276522,0.000560433385204447,X unit root (2)
300,400,1.99999393281648,0.000394408580837625,X unit root (2)
400,400,2.00000797420176,0.000298582609575639,X unit root (2)
500,400,1.99998920035014,0.000247753839930792,X unit root (2)
10,500,2.00044849824294,0.00625752512624619,X unit root (2)
30,500,2.00036602101932,0.00263008010533085,X unit root (2)
50,500,2.00004425890277,0.00190277042221836,X unit root (2)
70,500,1.99994202678861,0.00137745401714161,X unit root (2)
100,500,2.00006830885177,0.000952269915781146,X unit root (2)
200,500,2.00000521559857,0.000533764419061726,X unit root (2)
300,500,2.00000797964596,0.000354841134650029,X unit root (2)
400,500,2.00000396422641,0.000246930273424832,X unit root (2)
500,500,1.99999329858044,0.000205867186686283,X unit root (2)
